title,company,posted,info,link
(Python / Django / GraphQL) - Backend Developer,OpenUnited,13h ago,No office location / Remote,https://stackoverflow.com/jobs/566065/python-django-graphql-backend-developer-openunited
Python Entwickler*in Remote (f/m/d),Ambient,24d ago,"K√∂ln, Deutschland / Remote",https://stackoverflow.com/jobs/493874/python-entwickler-in-remote-f-m-d-ambient
Python Web Application Developer (Entry or Mid Level),"Cipher Tech Solutions, Inc",23d ago,No office location / Remote,https://stackoverflow.com/jobs/561032/python-web-application-developer-entry-or-mid-cipher-tech-solutions-inc
Python/Django Developer (m/f/d) - Remote,social sweethearts¬Æ GmbH,4d ago,No office location / ‚Ç¨55k‚Äì85k / Remote,https://stackoverflow.com/jobs/566033/python-django-developer-m-f-d-remote-social-sweethearts-gmbh
Python Developer (Remote),Finsera,15d ago,No office location / Easy apply / Remote,https://stackoverflow.com/jobs/524065/python-developer-remote-finsera
Python/Django back-end developer (Remote),Soshace LLC,16d ago,No office location / $50k‚Äì96k / Remote,https://stackoverflow.com/jobs/561827/python-django-back-end-developer-remote-soshace-llc
Python Software Engineer (Data Pipeline),Bloomreach,7d ago,No office location / Easy apply / ‚Ç¨36k‚Äì48k / Remote,https://stackoverflow.com/jobs/524987/python-software-engineer-data-pipeline-bloomreach
Senior Python/Django Full-stack Developer,Apicbase Belgium,3d ago,No office location / Easy apply / Remote,https://stackoverflow.com/jobs/545356/senior-python-django-full-stack-developer-apicbase-belgium
"SENIOR FULL-STACK DEV WITH RUBY / PYTHON / REACT NATIVE -- 100% REMOTE, FLEXIBLE",Analytics Fire,16d ago,No office location / Easy apply / Remote,https://stackoverflow.com/jobs/517987/senior-full-stack-dev-with-ruby-python-react-analytics-fire
"Python Software Engineer, Commercial Systems",Canonical,26d ago,No office location / Remote,https://stackoverflow.com/jobs/560585/python-software-engineer-commercial-systems-canonical
"Data Engineer (Python, ETL)",Finsera,14d ago,No office location / Easy apply / Remote,https://stackoverflow.com/jobs/536631/data-engineer-python-etl-finsera
Software Engineer (Java/Python),ComplyAdvantage,5d ago,"London, UK / Remote",https://stackoverflow.com/jobs/528544/software-engineer-java-python-complyadvantage
Senior Backend Engineer - Python - M√©xico,Cornershop by Uber,27d ago,No office location / Easy apply / Remote,https://stackoverflow.com/jobs/526139/senior-backend-engineer-python-m%C3%A9xico-cornershop-by-uber
Senior Python/Django Full-stack Developer,Apicbase Belgium,15d ago,No office location / Easy apply / Remote,https://stackoverflow.com/jobs/515716/senior-python-django-full-stack-developer-apicbase-belgium
"Python Back End Developer (FastAPI, Django, Celery)","Daupler, Inc.",22d ago,"Kansas City, MO / Easy apply / Equity / Remote",https://stackoverflow.com/jobs/523350/python-back-end-developer-fastapi-django-daupler-inc
Python Developer (Remote),X-Team,24d ago,No office location / Remote,https://stackoverflow.com/jobs/534454/python-developer-remote-x-team
Senior Software Engineer - Python,DIGARC,9d ago,No office location / Easy apply / Remote,https://stackoverflow.com/jobs/497630/senior-software-engineer-python-digarc
Senior Data Engineer (Python) - Remote,SemanticBits,17d ago,No office location / Easy apply / Remote,https://stackoverflow.com/jobs/559051/senior-data-engineer-python-remote-semanticbits
"Senior Software Engineer, Integration QA, Python",Canonical,13d ago,No office location / Remote,https://stackoverflow.com/jobs/519661/senior-software-engineer-integration-qa-python-canonical
Back-End Developer (i.e. Python),Imaginary Cloud,15d ago,No office location / Remote,https://stackoverflow.com/jobs/565769/back-end-developer-ie-python-imaginary-cloud
"3D Pipeline Engineer (Python, Blender)",Geomagical Labs,18d ago,"Mountain View, CA / Be one of the first applicants / Remote",https://stackoverflow.com/jobs/565737/3d-pipeline-engineer-python-blender-geomagical-labs
Senior Fullstack Engineer (Python/Django/React)- #12 of Top-100 Marketplaces,StyleSeat,22d ago,No office location / Easy apply / $145k‚Äì180k / Equity / Remote,https://stackoverflow.com/jobs/561047/senior-fullstack-engineer-python-django-react-styleseat
Python Developer,Risk Focus,29d ago,No office location / Remote,https://stackoverflow.com/jobs/552173/python-developer-risk-focus
"Back End Engineer (Python, AWS)",Modus Create,30d ago,No office location / Remote,https://stackoverflow.com/jobs/560131/back-end-engineer-python-aws-modus-create
Python Developer (Remote),Finsera,15d ago,No office location / Easy apply / Remote,https://stackoverflow.com/jobs/524065/python-developer-remote-finsera
Python/Django back-end developer (Remote),Soshace LLC,16d ago,No office location / $50k‚Äì96k / Remote,https://stackoverflow.com/jobs/561827/python-django-back-end-developer-remote-soshace-llc
Python Software Engineer (Data Pipeline),Bloomreach,7d ago,No office location / Easy apply / ‚Ç¨36k‚Äì48k / Remote,https://stackoverflow.com/jobs/524987/python-software-engineer-data-pipeline-bloomreach
(Python / Django / GraphQL) - Backend Developer,OpenUnited,13h ago,No office location / Remote,https://stackoverflow.com/jobs/566065/python-django-graphql-backend-developer-openunited
Senior Backend Engineer - Python - M√©xico,Cornershop by Uber,27d ago,No office location / Easy apply / Remote,https://stackoverflow.com/jobs/526139/senior-backend-engineer-python-m%C3%A9xico-cornershop-by-uber
"Data Engineer (Python, ETL)",Finsera,14d ago,No office location / Easy apply / Remote,https://stackoverflow.com/jobs/536631/data-engineer-python-etl-finsera
Senior Python/Django Full-stack Developer,Apicbase Belgium,3d ago,No office location / Easy apply / Remote,https://stackoverflow.com/jobs/545356/senior-python-django-full-stack-developer-apicbase-belgium
Software Engineer (Java/Python),ComplyAdvantage,5d ago,"London, UK / Remote",https://stackoverflow.com/jobs/528544/software-engineer-java-python-complyadvantage
Python Developer (Remote),X-Team,24d ago,No office location / Remote,https://stackoverflow.com/jobs/534454/python-developer-remote-x-team
Python Entwickler*in Remote (f/m/d),Ambient,24d ago,"K√∂ln, Deutschland / Remote",https://stackoverflow.com/jobs/493874/python-entwickler-in-remote-f-m-d-ambient
Senior Python/Django Full-stack Developer,Apicbase Belgium,15d ago,No office location / Easy apply / Remote,https://stackoverflow.com/jobs/515716/senior-python-django-full-stack-developer-apicbase-belgium
Python Web Application Developer (Entry or Mid Level),"Cipher Tech Solutions, Inc",23d ago,No office location / Remote,https://stackoverflow.com/jobs/561032/python-web-application-developer-entry-or-mid-cipher-tech-solutions-inc
Back-End Developer (i.e. Python),Imaginary Cloud,15d ago,No office location / Remote,https://stackoverflow.com/jobs/565769/back-end-developer-ie-python-imaginary-cloud
Senior Data Engineer (Python) - Remote,SemanticBits,17d ago,No office location / Easy apply / Remote,https://stackoverflow.com/jobs/559051/senior-data-engineer-python-remote-semanticbits
Python/Django Developer (m/f/d) - Remote,social sweethearts¬Æ GmbH,4d ago,No office location / ‚Ç¨55k‚Äì85k / Remote,https://stackoverflow.com/jobs/566033/python-django-developer-m-f-d-remote-social-sweethearts-gmbh
"3D Pipeline Engineer (Python, Blender)",Geomagical Labs,18d ago,"Mountain View, CA / Be one of the first applicants / Remote",https://stackoverflow.com/jobs/565737/3d-pipeline-engineer-python-blender-geomagical-labs
Senior Fullstack Engineer (Python/Django/React)- #12 of Top-100 Marketplaces,StyleSeat,22d ago,No office location / Easy apply / $145k‚Äì180k / Equity / Remote,https://stackoverflow.com/jobs/561047/senior-fullstack-engineer-python-django-react-styleseat
"Python Back End Developer (FastAPI, Django, Celery)","Daupler, Inc.",22d ago,"Kansas City, MO / Easy apply / Equity / Remote",https://stackoverflow.com/jobs/523350/python-back-end-developer-fastapi-django-daupler-inc
Contract Python Engineer - ¬£500-600/day - Outside IR35 - Remote/UK - ClimateTech,Confido Talent,11d ago,No office location / Easy apply / ¬£6k‚Äì7k / Remote,https://stackoverflow.com/jobs/565900/contract-python-engineer-500-600-day-outside-confido-talent
"Back End Engineer (Python, AWS)",Modus Create,30d ago,No office location / Remote,https://stackoverflow.com/jobs/560131/back-end-engineer-python-aws-modus-create
Senior Software Engineer - Python,DIGARC,9d ago,No office location / Easy apply / Remote,https://stackoverflow.com/jobs/497630/senior-software-engineer-python-digarc
Python Developer,Risk Focus,29d ago,No office location / Remote,https://stackoverflow.com/jobs/552173/python-developer-risk-focus
"SENIOR FULL-STACK DEV WITH RUBY / PYTHON / REACT NATIVE -- 100% REMOTE, FLEXIBLE",Analytics Fire,16d ago,No office location / Easy apply / Remote,https://stackoverflow.com/jobs/517987/senior-full-stack-dev-with-ruby-python-react-analytics-fire
"QA Automation Engineer ( Python, Pytest)",Modus Create,8d ago,No office location / Remote,https://stackoverflow.com/jobs/565910/qa-automation-engineer-python-pytest-modus-create
Backend Software Engineer - SDVI Rally Core,SDVI,24d ago,No office location / Easy apply / Remote,https://stackoverflow.com/jobs/451625/backend-software-engineer-sdvi-rally-core-sdvi
Software Engineer (Java/Python),ComplyAdvantage,5d ago,"London, UK / Remote",https://stackoverflow.com/jobs/528544/software-engineer-java-python-complyadvantage
Lead/Expert Senior Python Engineer,Steeprock Inc,4d ago,No office location / Easy apply / Remote,https://stackoverflow.com/jobs/565700/lead-expert-senior-python-engineer-steeprock-inc
Fullstack Cloud Engineer (Python/React/AWS),Montash,23h ago,No office location / Easy apply / Remote,https://stackoverflow.com/jobs/556128/fullstack-cloud-engineer-python-react-aws-montash
"3D Pipeline Engineer (Python, Blender)",Geomagical Labs,18d ago,"Mountain View, CA / Be one of the first applicants / Remote",https://stackoverflow.com/jobs/565737/3d-pipeline-engineer-python-blender-geomagical-labs
"Senior Python Software Developer (m/f/d) @ our Partner ADSPERT (Berlin, remote)",solute GmbH,10d ago,"Berlin, Deutschland / Easy apply / High response rate / Remote",https://stackoverflow.com/jobs/547853/senior-python-software-developer-m-f-d-our-solute-gmbh
"Back End Engineer (Python, AWS)",Modus Create,30d ago,No office location / Remote,https://stackoverflow.com/jobs/560131/back-end-engineer-python-aws-modus-create
Frontend React.js Developer (Remote),Soshace LLC,16d ago,No office location / $50k‚Äì96k / Remote,https://stackoverflow.com/jobs/561825/frontend-reactjs-developer-remote-soshace-llc
Cloud Automation Engineer,tribe29 GmbH,25d ago,"M√ºnchen, Deutschland / Easy apply / ‚Ç¨70k‚Äì100k / Remote",https://stackoverflow.com/jobs/547843/cloud-automation-engineer-tribe29-gmbh
Node.js Developer (Remote),Soshace LLC,16d ago,No office location / $50k‚Äì96k / Remote,https://stackoverflow.com/jobs/561826/nodejs-developer-remote-soshace-llc
Fully Remote Senior Software Engineer (Cloud Platform Team) - MariaDB,"MariaDB
                        via
Source Coders",6d ago,No office location / Easy apply / $150k‚Äì200k / Equity / Remote,https://stackoverflow.com/jobs/565955/fully-remote-senior-software-engineer-cloud-mariadb
Staff Software Engineer,BillionToOne,24d ago,"Menlo Park, CA / Remote",https://stackoverflow.com/jobs/565619/staff-software-engineer-billiontoone
VP Engineering at sustainable start-up (m/f/x) - Brazil/Latin America (Remote),FINN,5d ago,"M√ºnchen, Germany / ‚Ç¨100k‚Äì125k / Equity / Remote / Visa sponsor / Paid relocation",https://stackoverflow.com/jobs/445056/vp-engineering-at-sustainable-start-up-m-f-x-finn
(Senior) Backend Engineer at sustainable start-up (m/f/x) - Munich or Remote,FINN,5d ago,"M√ºnchen, Germany / ‚Ç¨60k‚Äì80k / Equity / Remote / Visa sponsor / Paid relocation",https://stackoverflow.com/jobs/331741/senior-backend-engineer-at-sustainable-start-up-finn
Full stack software engineer,Ailo,21d ago,"Melbourne, Australia / Remote",https://stackoverflow.com/jobs/372382/full-stack-software-engineer-ailo
Fully Remote Senior or Staff Software Engineer - Platform9,"Platform9
                        via
Source Coders",13d ago,"Mountain View, CA / Easy apply / $140k‚Äì180k / Equity / Remote / Visa sponsor",https://stackoverflow.com/jobs/565834/fully-remote-senior-or-staff-software-engineer-platform9
Senior Full Stack Developer,Motosumo ApS,11d ago,"Herlev, Denmark / Easy apply / Equity / Remote",https://stackoverflow.com/jobs/565886/senior-full-stack-developer-motosumo-aps
Full Stack Developer,Common Code,15d ago,No office location / A$90k‚Äì115k / Remote,https://stackoverflow.com/jobs/545907/full-stack-developer-common-code
"Software Engineer, Backend (EMEA)",Hotjar,13d ago,No office location / ‚Ç¨60k‚Äì80k / Equity / Remote,https://stackoverflow.com/jobs/565839/software-engineer-backend-emea-hotjar
"Backend Software Engineer, DevOps",Avature,3d ago,No office location / ‚Ç¨45k‚Äì55k / Remote,https://stackoverflow.com/jobs/565332/backend-software-engineer-devops-avature
React Front End Developer,"Daupler, Inc.",22d ago,"Kansas City, MO / Easy apply / Remote",https://stackoverflow.com/jobs/523351/react-front-end-developer-daupler-inc
"Engineering Experience, Senior Software Engineer (Remote)",Hotjar,2d ago,No office location / ‚Ç¨75k‚Äì100k / Remote,https://stackoverflow.com/jobs/528857/engineering-experience-senior-software-engineer-hotjar
Full Stack Web Developer (m/w/d),solute GmbH,20h ago,"Karlsruhe, Deutschland / Easy apply / High response rate / Remote",https://stackoverflow.com/jobs/556141/full-stack-web-developer-m-w-d-solute-gmbh
Full-Stack Software Engineer,Strata Oncology,19d ago,"Ann Arbor, MI / Easy apply / Remote / Paid relocation",https://stackoverflow.com/jobs/371127/full-stack-software-engineer-strata-oncology
DevOps Engineer - 100% Remote,Disy Informationssysteme GmbH,14d ago,"Karlsruhe, Deutschland / Remote",https://stackoverflow.com/jobs/383260/devops-engineer-100-remote-disy-informationssysteme-gmbh
Backend Engineer,Passio Inc.,8d ago,No office location / Easy apply / Remote,https://stackoverflow.com/jobs/555177/backend-engineer-passio-inc
Senior Software Developer C++ for Next generation Access Control Solution,By - Access Control Systems,9d ago,"Madrid, Spain / Easy apply / ‚Ç¨30k‚Äì45k / Remote",https://stackoverflow.com/jobs/492501/senior-software-developer-c-plus-plus-for-next-generation-by-access-control-systems
Senior Machine Learning Engineer - OPEN TO REMOTE,The RealReal,23d ago,"San Francisco, CA / Remote / Visa sponsor / Paid relocation",https://stackoverflow.com/jobs/557022/senior-machine-learning-engineer-open-to-remote-the-realreal
Senior Software Engineer - App Store APIs,Canonical,5d ago,No office location / Remote,https://stackoverflow.com/jobs/551466/senior-software-engineer-app-store-apis-canonical
Senior Backend Engineer,Omnivore Technologies,11d ago,No office location / $140k‚Äì175k / Equity / Remote,https://stackoverflow.com/jobs/558774/senior-backend-engineer-omnivore-technologies
"Full-Stack Developer (JavaScript, Node.JS) - REMOTE",MUFG,6d ago,No office location / Remote,https://stackoverflow.com/jobs/559442/full-stack-developer-javascript-nodejs-mufg
Tech Lead Engineering at sustainable start-up (m/f/x) - Munich/New York/Remote,FINN,5d ago,"M√ºnchen, Germany / ‚Ç¨80k‚Äì110k / Equity / Remote / Visa sponsor / Paid relocation",https://stackoverflow.com/jobs/541678/tech-lead-engineering-at-sustainable-start-up-m-finn
Software Engineer (Java) - Manufacturing SaaS,Plex Systems,12d ago,"Troy, MI / $90k‚Äì110k / Remote",https://stackoverflow.com/jobs/565861/software-engineer-java-manufacturing-saas-plex-systems
"Senior Software Engineer, Backend - Landscape",Canonical,6d ago,No office location / Remote,https://stackoverflow.com/jobs/551337/senior-software-engineer-backend-landscape-canonical
Senior Front-end Developer,Marketer Technologies AS,13d ago,"Oslo, Norway / Easy apply / Remote / Paid relocation",https://stackoverflow.com/jobs/541502/senior-front-end-developer-marketer-technologies-as
Cloud Data Engineer - Remote USA only,Hewlett Packard Enterprise,14d ago,No office location / Easy apply / $138k‚Äì170k / Equity / Remote,https://stackoverflow.com/jobs/558426/cloud-data-engineer-remote-usa-only-hewlett-packard-enterprise
Senior Java Software Developer,Genesys,24d ago,No office location / Easy apply / Remote,https://stackoverflow.com/jobs/547957/senior-java-software-developer-genesys
Kubernetes Administrator,CYBERTEC PostgreSQL International GmbH,9d ago,No office location / Easy apply / ‚Ç¨35k‚Äì90k / Remote,https://stackoverflow.com/jobs/558995/kubernetes-administrator-cybertec-postgresql
Front-End Developer (i.e. React),Imaginary Cloud,14d ago,No office location / Remote,https://stackoverflow.com/jobs/565808/front-end-developer-ie-react-imaginary-cloud
"Senior Software Engineer, Backend",Jelli,20d ago,"San Mateo, CA / Remote",https://stackoverflow.com/jobs/494587/senior-software-engineer-backend-jelli
Remote Software Engineer Internship,HENNGE K.K.,15d ago,No office location / Remote,https://stackoverflow.com/jobs/518082/remote-software-engineer-internship-hennge-kk
"Backend Engineer, Markets",TradeBlock,7d ago,"New York, NY / $100k‚Äì200k / Remote",https://stackoverflow.com/jobs/559193/backend-engineer-markets-tradeblock
Senior Full Stack Engineer at Leading Education Company,Tynker,17h ago,No office location / Easy apply / $70k‚Äì120k / Equity / Remote,https://stackoverflow.com/jobs/494562/senior-full-stack-engineer-at-leading-education-tynker
"Software Engineer, Infrastructure, Education",Chan Zuckerberg Initiative,5d ago,"Redwood City, CA / Remote / Paid relocation",https://stackoverflow.com/jobs/565977/software-engineer-infrastructure-education-chan-zuckerberg-initiative
Senior Full-Stack Engineer,Gorgias,3d ago,No office location / Remote,https://stackoverflow.com/jobs/551752/senior-full-stack-engineer-gorgias
System Architect,Tucows,25d ago,No office location / Easy apply / C$110k‚Äì160k / Remote,https://stackoverflow.com/jobs/560728/system-architect-tucows
Senior Software Engineer,Avature,3d ago,No office location / Remote,https://stackoverflow.com/jobs/565333/senior-software-engineer-avature
Software Engineer,SUSE,29d ago,No office location / Easy apply / Remote,https://stackoverflow.com/jobs/514397/software-engineer-suse
Sr. Software Eng. (Fog) - MobileCoin (Unicorn Startup): Cryptocurrency Platform,"MobileCoin
                        via
Source Coders",14d ago,No office location / Easy apply / $150k‚Äì220k / Equity / Remote,https://stackoverflow.com/jobs/565813/sr-software-eng-fog-mobilecoin-unicorn-mobilecoin
Javascript Developer (React.js/Node.js),Imaginary Cloud,6d ago,No office location / Remote,https://stackoverflow.com/jobs/565960/javascript-developer-reactjs-nodejs-imaginary-cloud
Experienced Software Engineer,Outschool,9d ago,No office location / Remote,https://stackoverflow.com/jobs/550915/experienced-software-engineer-outschool
Senior Software Developer C++ for Next generation Access Control Solution,By - Access Control Systems,9d ago,"Madrid, Spain / Easy apply / ‚Ç¨30k‚Äì45k / Remote",https://stackoverflow.com/jobs/492501/senior-software-developer-c-plus-plus-for-next-generation-by-access-control-systems
Platform Engineer,"The Constant Company, LLC Creator of Vultr",7d ago,"West Palm Beach, FL / $75k‚Äì125k / Remote",https://stackoverflow.com/jobs/565946/platform-engineer-the-constant-company-llc
Senior Machine Learning Engineer - OPEN TO REMOTE,The RealReal,23d ago,"San Francisco, CA / Remote / Visa sponsor / Paid relocation",https://stackoverflow.com/jobs/557022/senior-machine-learning-engineer-open-to-remote-the-realreal
Back-End Developer (i.e. Node.js),Imaginary Cloud,7d ago,No office location / Remote,https://stackoverflow.com/jobs/565934/back-end-developer-ie-nodejs-imaginary-cloud
Development Operations Engineer (DevSecOps),Cognitive Space,23d ago,"Houston, TX / $85k‚Äì130k / Remote",https://stackoverflow.com/jobs/561028/development-operations-engineer-devsecops-cognitive-space
Software Development Engineer in Test,SDVI,25d ago,No office location / Easy apply / Remote,https://stackoverflow.com/jobs/219487/software-development-engineer-in-test-sdvi
Senior Software Engineer / Ruby or Elixir/ Remote,The RealReal,29d ago,No office location / Remote,https://stackoverflow.com/jobs/522850/senior-software-engineer-ruby-or-elixir-remote-the-realreal
Senior DevOps Engineer (Remote),Slido,12d ago,No office location / Easy apply / $90k‚Äì160k / Remote,https://stackoverflow.com/jobs/519933/senior-devops-engineer-remote-slido
"Engineering Manager, Full Stack - Cisco Meraki - Fully Remote or San Francisco","Cisco Meraki
                        via
Source Coders",19d ago,No office location / Easy apply / $180k‚Äì270k / Equity / Remote,https://stackoverflow.com/jobs/565709/engineering-manager-full-stack-cisco-meraki-cisco-meraki
Senior Backend Engineer,Omnivore Technologies,11d ago,No office location / $140k‚Äì175k / Equity / Remote,https://stackoverflow.com/jobs/558774/senior-backend-engineer-omnivore-technologies
Solutions Architect | Senior Consultant | DevOps | Remote,Copado Strategic Services,25d ago,No office location / Remote,https://stackoverflow.com/jobs/517847/solutions-architect-senior-consultant-devops-copado-strategic-services
Software Engineer - Developer Experience,Catawiki,17d ago,No office location / ‚Ç¨60k‚Äì90k / Equity / Remote,https://stackoverflow.com/jobs/527395/software-engineer-developer-experience-catawiki
"Senior Software Engineer, Javascript",Versus Systems,14h ago,No office location / Equity / Remote,https://stackoverflow.com/jobs/556182/senior-software-engineer-javascript-versus-systems
"Senior Software Engineer, Trust, Education",Chan Zuckerberg Initiative,9d ago,"Redwood City, CA / Remote / Paid relocation",https://stackoverflow.com/jobs/537679/senior-software-engineer-trust-education-chan-zuckerberg-initiative
Senior Software Engineer,Stardog Union,8d ago,No office location / Remote,https://stackoverflow.com/jobs/521448/senior-software-engineer-stardog-union
DevOps Engineer (Remote),Eterlast,6d ago,"Barcelona, Spain / Remote",https://stackoverflow.com/jobs/563090/devops-engineer-remote-eterlast
Senior Software Developer In Test,Jelli,2d ago,"San Mateo, CA / Remote",https://stackoverflow.com/jobs/510882/senior-software-developer-in-test-jelli
Senior Software Engineer - Launchpad,Canonical,14d ago,No office location / Remote,https://stackoverflow.com/jobs/530389/senior-software-engineer-launchpad-canonical
Senior Flink/Druid Software Engineer,Genesys,25d ago,No office location / Easy apply / Remote,https://stackoverflow.com/jobs/547941/senior-flink-druid-software-engineer-genesys
SRE / DevOps Engineer - MobileCoin (Unicorn Startup): Cryptocurrency Platform,"MobileCoin
                        via
Source Coders",11d ago,No office location / Easy apply / $140k‚Äì200k / Equity / Remote,https://stackoverflow.com/jobs/565874/sre-devops-engineer-mobilecoin-unicorn-mobilecoin
"Senior Support & Software Engineer, Tokyo (Remote)",Canonical,26d ago,No office location / Remote,https://stackoverflow.com/jobs/534042/senior-support-software-engineer-tokyo-remote-canonical
Staff Software Engineer,Bloomreach,9d ago,No office location / Remote,https://stackoverflow.com/jobs/544544/staff-software-engineer-bloomreach
"Senior Software Engineer, Javascript",Versus Systems,14h ago,No office location / Equity / Remote,https://stackoverflow.com/jobs/556182/senior-software-engineer-javascript-versus-systems
VP of Engineering,TradeBlock,7d ago,"New York, NY / $200k‚Äì400k / Remote",https://stackoverflow.com/jobs/559195/vp-of-engineering-tradeblock
Senior Software Engineer,Stardog Union,8d ago,No office location / Remote,https://stackoverflow.com/jobs/521448/senior-software-engineer-stardog-union
Senior Front End Engineer,Citizen,18d ago,No office location / Remote,https://stackoverflow.com/jobs/561575/senior-front-end-engineer-citizen
"Senior Software Engineer, Trust, Education",Chan Zuckerberg Initiative,9d ago,"Redwood City, CA / Remote / Paid relocation",https://stackoverflow.com/jobs/537679/senior-software-engineer-trust-education-chan-zuckerberg-initiative
Staff Machine Learning Engineer - REMOTE,The RealReal,30d ago,"San Francisco, CA / Remote / Paid relocation",https://stackoverflow.com/jobs/552039/staff-machine-learning-engineer-remote-the-realreal
DevOps Engineer (Remote),Eterlast,6d ago,"Barcelona, Spain / Remote",https://stackoverflow.com/jobs/563090/devops-engineer-remote-eterlast
Senior Software Engineer - Launchpad,Canonical,14d ago,No office location / Remote,https://stackoverflow.com/jobs/530389/senior-software-engineer-launchpad-canonical
Data Scientist - GameIntel - Remote (Europe),GameAnalytics,18d ago,No office location / ¬£45k‚Äì60k / Remote,https://stackoverflow.com/jobs/565753/data-scientist-gameintel-remote-europe-gameanalytics
SRE / DevOps Engineer - MobileCoin (Unicorn Startup): Cryptocurrency Platform,"MobileCoin
                        via
Source Coders",11d ago,No office location / Easy apply / $140k‚Äì200k / Equity / Remote,https://stackoverflow.com/jobs/565874/sre-devops-engineer-mobilecoin-unicorn-mobilecoin
"Senior Support & Software Engineer, Tokyo (Remote)",Canonical,26d ago,No office location / Remote,https://stackoverflow.com/jobs/534042/senior-support-software-engineer-tokyo-remote-canonical
Software Developer,SUSE,16d ago,No office location / Easy apply / Remote,https://stackoverflow.com/jobs/558030/software-developer-suse
*REMOTE* Lead (Senior) Kotlin & Java Engineer (m/f/x) High-Load Search-Engine,"AVANTGARDE - ""Creating Fans""",18d ago,No office location / Easy apply / ‚Ç¨80k‚Äì95k / Remote,https://stackoverflow.com/jobs/529656/remote-lead-senior-kotlin-java-engineer-m-avantgarde-creating-fans
Senior Software Engineer - Linux Engineering,Canonical,30d ago,No office location / Remote,https://stackoverflow.com/jobs/540018/senior-software-engineer-linux-engineering-canonical
Senior React Developer | Contractor | Remote,Copado Strategic Services,5d ago,No office location / Remote,https://stackoverflow.com/jobs/545086/senior-react-developer-contractor-remote-copado-strategic-services
QA Tester,Self Decode,23d ago,No office location / $10k‚Äì30k / Remote,https://stackoverflow.com/jobs/561041/qa-tester-self-decode
Software Engineer (App team) - Exponea,Bloomreach,7d ago,No office location / Easy apply / ‚Ç¨36k‚Äì48k / Remote,https://stackoverflow.com/jobs/525008/software-engineer-app-team-exponea-bloomreach
Senior Software Engineer,Administrate,25d ago,No office location / ‚Ç¨64k‚Äì81k / Remote,https://stackoverflow.com/jobs/522941/senior-software-engineer-administrate
Site Reliability Engineer,Altmetric,11d ago,"London, UK / ¬£50k‚Äì70k / Remote",https://stackoverflow.com/jobs/562550/site-reliability-engineer-altmetric
Senior Data Engineer,StyleSeat,14d ago,No office location / Easy apply / $150k‚Äì220k / Equity / Remote,https://stackoverflow.com/jobs/525037/senior-data-engineer-styleseat
Senior Front-end Developer,Marketer Technologies AS,13d ago,"Oslo, Norway / Easy apply / Remote / Paid relocation",https://stackoverflow.com/jobs/541502/senior-front-end-developer-marketer-technologies-as
Senior Software Engineer - Omni-Channel Communications,Assurance,19d ago,No office location / $170k‚Äì210k / Equity / Remote,https://stackoverflow.com/jobs/565727/senior-software-engineer-omni-channel-assurance
Software Developer (k√ºnstliche Intelligenz) - f√ºr E-Commerce Agentur in Bremen,hmmh multimediahaus AG,28d ago,No office location / Remote,https://stackoverflow.com/jobs/529059/software-developer-k%C3%BCnstliche-intelligenz-f%C3%BCr-hmmh-multimediahaus-ag
Python Engineer (Web Scraping),NewsCatcher,featured,Anywhere in the World / Full-Time,https://weworkremotely.com/remote-jobs/newscatcher-python-engineer-web-scraping
"Senior Open Source Developer & DevOps (Python, Django, React, AWS/OpenStack)",OpenCraft,featured,Anywhere in the World / Full-Time,https://weworkremotely.com/remote-jobs/opencraft-senior-open-source-developer-devops-python-django-react-aws-openstack
Senior Python Developer,Kaiju Capital Management,featured,Anywhere in the World / Full-Time,https://weworkremotely.com/remote-jobs/kaiju-capital-management-senior-python-developer-1
Senior Python Engineer,Clevertech,featured,Anywhere in the World / Full-Time,https://weworkremotely.com/remote-jobs/clevertech-senior-python-engineer-2
Python Developer - Remote,"Upstack Technologies, Inc.",featured,Anywhere in the World / Full-Time,https://weworkremotely.com/remote-jobs/upstack-technologies-inc-python-developer-remote
Backend Engineer (Python/Go),PolicyFly,featured,USA Only / Full-Time,https://weworkremotely.com/remote-jobs/policyfly-backend-engineer-python-go
Software Developer,ETFLogic,5d,üåè Worldwide / üí∞ $40k - $130k,https://remoteok.com/remote-jobs/108329-remote-software-developer-etflogic
Machine Learning Engineer,Carted,2d,üåè Worldwide / üí∞ $100k - $200k,https://remoteok.com/remote-jobs/106824-remote-machine-learning-engineer-carted
Senior Backend Engineer Django Python,Datapane,11d,üåè Worldwide / üí∞ $90k - $140k,https://remoteok.com/remote-jobs/108204-remote-senior-backend-engineer-django-python-datapane
Senior Python Engineer,Clevertech,15d,üåè Worldwide / üí∞ $40k - $110k,https://remoteok.com/remote-jobs/108116-remote-senior-python-engineer-clevertech
Lead Back End Developer,Arcarta,15d,üåè Worldwide / üí∞ $60k - $100k,https://remoteok.com/remote-jobs/108110-remote-lead-back-end-developer-arcarta
Senior Software Engineer,Simple Poll,17d,üåè Worldwide / üí∞ $90k - $120k,https://remoteok.com/remote-jobs/108027-remote-senior-software-engineer-simple-poll
Senior Software Engineer,Darwin Homes,22d,Latin America / üí∞ $140k - $180k,https://remoteok.com/remote-jobs/107943-remote-senior-software-engineer-darwin-homes
Senior DevOps Engineer,DataKitchen,22d,üåè Worldwide / üí∞ $30k - $110k,https://remoteok.com/remote-jobs/107932-remote-senior-devops-engineer-datakitchen
Python Developer,Ampcontrol.io,27d,üåè Worldwide / üí∞ $40k - $130k,https://remoteok.com/remote-jobs/107910-remote-python-developer-ampcontrol-io
Senior DevOps Engineer,Laskie,28d,Latin America / üí∞ $70k - $110k,https://remoteok.com/remote-jobs/107840-remote-senior-devops-engineer-laskie
Data Analytics Manager,Doximity,15d,üá∫üá∏ US / üí∞ $120k - $160k,https://remoteok.com/remote-jobs/107099-remote-data-analytics-manager-doximity
Sr Software Engineer Data Infrastructure,Doximity,19d,North America / üí∞ $120k - $160k,https://remoteok.com/remote-jobs/107056-remote-sr-software-engineer-data-infrastructure-doximity
Senior Systems Engineer,Iterative,19d,üåè Worldwide / üí∞ $100k - $200k,https://remoteok.com/remote-jobs/99244-remote-senior-systems-engineer-iterative
Full Stack Engineer Python JavaScript,Gorgias,15d,San Francisco / West Coast (Remote) / üí∞ $70k - $110k*,https://remoteok.com/remote-jobs/108102-remote-full-stack-engineer-python-javascript-gorgias
Python Web Application Developer,Cipher Tech Solutions,2mo,üí∞ $60k - $113k*,https://remoteok.com/remote-jobs/107537-remote-python-web-application-developer-cipher-tech-solutions
Technical Support Engineer,Automox,3mo,United States (Remote) / üí∞ $60k - $110k*,https://remoteok.com/remote-jobs/107021-remote-technical-support-engineer-automox
Engineering Manager ‚Äî Data Platform,Automox,3mo,United States (Remote) / üí∞ $65k - $113k*,https://remoteok.com/remote-jobs/107020-remote-engineering-manager-data-platform-automox
Python Entwickler*in,Ambient,3mo,üí∞ $60k - $115k*,https://remoteok.com/remote-jobs/106941-remote-python-entwicklerin-ambient
Senior Full Stack Engineer,Divvy Homes,7mo,üí∞ $70k - $120k*,https://remoteok.com/remote-jobs/104923-remote-senior-full-stack-engineer-divvy-homes
Senior Data Scientist,Divvy Homes,7mo,üí∞ $70k - $120k*,https://remoteok.com/remote-jobs/104922-remote-senior-data-scientist-divvy-homes
Python Developer,IMS,9mo,üí∞ $60k - $115k*,https://remoteok.com/remote-jobs/103665-remote-python-developer-ims
Python Backend Developer,Werum IT Solutions -yght Data Science,9mo,üí∞ $60k - $113k*,https://remoteok.com/remote-jobs/103614-remote-python-backend-developer-werum-it-solutions-yght-data-science
Enthousiastic Full Stack Developer With A Python Django Preference,Apicbase Belgium,10mo,üí∞ $60k - $113k*,https://remoteok.com/remote-jobs/103040-remote-enthousiastic-full-stack-developer-with-a-python-django-preference-apicbase-belgium
